implementation,scenario,family,pattern,workload_size,database_size,threads,throughput_ops_s,mean_ns,median_ns,p50_ns,p95_ns,p99_ns,min_ns,max_ns,stddev_ns,allocations_per_op,allocated_bytes_per_op,rss_delta_bytes,peak_rss_bytes,rss_before_open_bytes,rss_after_open_bytes,rss_peak_bytes,rss_after_bytes,lookups,opening_mode,wall_time_ns,insert_time_ns,build_time_ns,database_bytes,run_count
libmaxminddb-rs,db_size_scaling,ipv4,random,1000,1000,1,3306283.3333309507,338.248,336,336,352,360,320,2128,57.12248678060157,0,0,0,3047424,,,,3141632,,,1000216759,,,,1
libmaxminddb,db_size_scaling,ipv4,random,1000,1000,1,1652480.364,629.781,624,624,648,664,576,2776,87.451,2,4656,0,1871872,,,,1896448,,,1000314458,,,,1
maxminddb-rust,db_size_scaling,ipv4,random,1000,1000,1,2166956.8667235677,492.59,488,488,504,512,472,2704,70.46620395622287,0,0,0,2183168,,,,2273280,,,1000019905,,,,1
geoip2-rs,db_size_scaling,ipv4,random,1000,1000,1,2676104.401520465,406.906,408,408,432,440,360,456,14.586883286021086,3,96,0,1998848,,,,2080768,,,1000334665,,,,1
maxminddb-golang,db_size_scaling,ipv4,random,1000,1000,1,1405764.2730121156,776.521,776,776,832,856,696,3008,78.06381722027183,0,0,430080,3477504,,,,3559424,,,2000335372,,,,1
libmaxminddb-rs,db_size_scaling,ipv4,random,1000,10000,1,3288515.3024410577,339.157,336,336,352,376,312,2784,77.97192027262122,0,0,0,5357568,,,,5509120,,,1000147391,,,,1
libmaxminddb,db_size_scaling,ipv4,random,1000,10000,1,1631540.01,641.143,632,632,664,688,592,4088,127.062,2,4656,0,2867200,,,,2891776,,,1000281936,,,,1
maxminddb-rust,db_size_scaling,ipv4,random,1000,10000,1,2127601.1790313893,505.453,496,496,536,576,479,5064,145.65014174727057,0,0,0,3178496,,,,3276800,,,1000187451,,,,1
geoip2-rs,db_size_scaling,ipv4,random,1000,10000,1,2625630.6735381987,415.052,416,416,447,496,376,648,20.87068029557257,3,96,0,3047424,,,,3076096,,,1000140662,,,,1
maxminddb-golang,db_size_scaling,ipv4,random,1000,10000,1,1368695.903828435,803.735,792,792,864,928,696,5455,152.6150804311291,0,0,364544,4472832,,,,4554752,,,2000444359,,,,1
libmaxminddb-rs,db_size_scaling,ipv4,random,1000,100000,1,3268522.870836884,341.534,336,336,360,376,319,3447,98.9929333033424,0,0,0,32468992,,,,32501760,,,1000145977,,,,1
libmaxminddb,db_size_scaling,ipv4,random,1000,100000,1,1457780.327,707.572,704,704,808,856,600,2263,74.791,2,4656,0,11038720,,,,11063296,,,1000150690,,,,1
maxminddb-rust,db_size_scaling,ipv4,random,1000,100000,1,1775349.9112462497,585.587,568,568,688,743,480,8703,263.4498024880642,0,0,0,11366400,,,,11448320,,,1000366175,,,,1
geoip2-rs,db_size_scaling,ipv4,random,1000,100000,1,2191838.266446158,487.375,464,464,576,632,376,13920,428.7245110499282,3,96,0,11161600,,,,11239424,,,1000073789,,,,1
maxminddb-golang,db_size_scaling,ipv4,random,1000,100000,1,1214906.4983660728,875.393,864,864,992,1040,720,9383,277.7969016223903,0,0,364544,12644352,,,,12730368,,,2000153924,,,,1
libmaxminddb-rs,db_size_scaling,ipv4,random,1000,500000,1,3205663.664973934,348.887,344,344,368,392,312,6039,180.60234281702992,0,0,0,103469056,,,,103473152,,,1000104919,,,,1
libmaxminddb,db_size_scaling,ipv4,random,1000,500000,1,1345268.279,775.802,752,752,888,984,608,12951,396.336,2,4656,0,41136128,,,,41160704,,,1000543922,,,,1
maxminddb-rust,db_size_scaling,ipv4,random,1000,500000,1,1603114.361074339,649.657,632,632,752,816,480,10375,315.1273351377186,0,0,0,41463808,,,,41549824,,,1000552449,,,,1
geoip2-rs,db_size_scaling,ipv4,random,1000,500000,1,1974614.199877628,528.602,520,520,640,696,384,768,63.2513367131478,3,96,0,41267200,,,,41345024,,,1000195380,,,,1
maxminddb-golang,db_size_scaling,ipv4,random,1000,500000,1,1145762.7887196816,934.896,920,920,1048,1128,752,10967,325.4109604546226,0,0,364544,42741760,,,,42823680,,,2000414067,,,,1
libmaxminddb-rs,db_size_scaling,ipv4,random,1000,1000000,1,3232005.162954801,340.311,336,336,360,376,320,424,11.68898109332029,0,0,0,181747712,,,,181817344,,,1000307808,,,,1
libmaxminddb,db_size_scaling,ipv4,random,1000,1000000,1,1317787.118,784.185,768,768,888,944,600,13392,409.486,2,4656,0,74665984,,,,74752000,,,1000161545,,,,1
maxminddb-rust,db_size_scaling,ipv4,random,1000,1000000,1,1565305.1234883606,647.971,648,648,768,840,480,1008,73.70555039479707,0,0,0,75128832,,,,75149312,,,1000443924,,,,1
geoip2-rs,db_size_scaling,ipv4,random,1000,1000000,1,1906043.1949068047,552.573,552,552,664,728,400,880,68.95565728060312,3,96,0,74932224,,,,74944512,,,1000501985,,,,1
maxminddb-golang,db_size_scaling,ipv4,random,1000,1000000,1,1111454.7521213137,972.006,960,960,1088,1152,776,10136,299.0280554797493,0,0,430080,76275712,,,,76423168,,,2000081421,,,,1
libmaxminddb-rs,db_size_scaling,ipv4,random,1000,1500000,1,3221158.932854519,346.992,344,344,384,408,312,488,18.246093718930616,0,0,0,272191488,,,,272195584,,,1000261107,,,,1
libmaxminddb,db_size_scaling,ipv4,random,1000,1500000,1,1249245.496,834.367,824,824,944,1008,632,10552,318.933,2,4656,0,123400192,,,,123490304,,,1000603968,,,,1
maxminddb-rust,db_size_scaling,ipv4,random,1000,1500000,1,1465138.453170244,711.394,696,696,816,872,528,11136,337.765313145089,0,0,0,123789312,,,,123871232,,,1000588031,,,,1
geoip2-rs,db_size_scaling,ipv4,random,1000,1500000,1,1792647.2482524307,594.558,576,576,704,752,400,14592,448.419422679259,3,96,0,123596800,,,,123674624,,,1000196777,,,,1
maxminddb-golang,db_size_scaling,ipv4,random,1000,1500000,1,1047783.1052299764,1019.232,1008,1008,1144,1208,800,11823,351.3815734724859,0,0,364544,125071360,,,,125153280,,,2000414007,,,,1
libmaxminddb-rs,db_size_scaling,ipv4,random,1000,2000000,1,3154004.898838397,353.446,344,344,392,408,320,4424,130.03153111457237,0,0,0,346640384,,,,346710016,,,1000315504,,,,1
libmaxminddb,db_size_scaling,ipv4,random,1000,2000000,1,1239610.544,836.321,824,824,952,1008,624,8887,271.191,2,4656,0,157769728,,,,157859840,,,1000314176,,,,1
maxminddb-rust,db_size_scaling,ipv4,random,1000,2000000,1,1445586.4798683282,710.134,712,712,840,888,512,960,72.87068027677519,0,0,0,158224384,,,,158244864,,,1000286057,,,,1
geoip2-rs,db_size_scaling,ipv4,random,1000,2000000,1,1774761.9440813926,583.076,576,576,696,752,408,872,69.0541108407021,3,96,0,158044160,,,,158060544,,,1000134134,,,,1
maxminddb-golang,db_size_scaling,ipv4,random,1000,2000000,1,1039054.8148864524,1009.718,992,992,1144,1240,768,12952,388.5547921156037,0,0,364544,159387648,,,,159539200,,,2000856904,,,,1
libmaxminddb-rs,db_size_scaling,ipv4,random,1000,5000000,1,3092543.042747461,355.038,352,352,400,440,312,512,22.88485429274129,0,0,0,750624768,,,,750698496,,,1000147761,,,,1
libmaxminddb,db_size_scaling,ipv4,random,1000,5000000,1,1199440.712,861.813,848,848,976,1040,648,10120,304.884,2,4656,0,346177536,,,,346267648,,,1000466291,,,,1
maxminddb-rust,db_size_scaling,ipv4,random,1000,5000000,1,1397691.1158541606,741.307,736,736,864,944,503,7560,230.08023111732152,0,0,0,346636288,,,,346656768,,,1000220996,,,,1
geoip2-rs,db_size_scaling,ipv4,random,1000,5000000,1,1699316.3259577916,622.747,600,600,736,791,408,14343,440.1865911076802,3,96,0,346423296,,,,346439680,,,1000402323,,,,1
maxminddb-golang,db_size_scaling,ipv4,random,1000,5000000,1,1007982.8421160616,1033.75,1024,1024,1184,1264,792,8344,250.3106779584123,0,0,364544,347783168,,,,347930624,,,2000034044,,,,1
libmaxminddb-rs,lookup,ipv4,absent,1000000,,1,114985562.41278344,39.03636,40,40,40,40,24,4592,29.35767562240569,0,0,0,33718272,,,,19689472,,,1000125560,,,,1
libmaxminddb,lookup,ipv4,absent,1000000,,1,135191972.586,38.037,40,40,40,80,24,264,9.25,0,0,0,29970432,,,,29978624,,,1005976889,,,,1
maxminddb-rust,lookup,ipv4,absent,1000000,,1,47346845.67132011,53.87648,56,56,56,64,40,10704,73.53111628970156,0,0,0,33587200,,,,19378176,,,1013795097,,,,1
geoip2-rs,lookup,ipv4,absent,1000000,,1,139608585.6906854,37.53748,40,40,40,40,24,7816,49.89500451197094,0,0,0,33378304,,,,19161088,,,1002803655,,,,1
maxminddb-golang,lookup,ipv4,absent,1000000,,1,44669213.46334283,60.1168,56,56,72,72,40,5623,43.569502610885934,0,0,53248,55853056,,,,55947264,,,2014810493,,,,1
libmaxminddb-rs,lookup,ipv4,hot,1000000,,1,2400425.326562763,452.68116,448,448,464,472,432,9599,92.12252265898064,1,48,0,2560000,,,,2605056,,,1249778515,,,,1
libmaxminddb,lookup,ipv4,hot,1000000,,1,1446898.921,719.719,720,720,728,736,688,5951,65.812,2,4656,0,1855488,,,,1978368,,,1382266564,,,,1
maxminddb-rust,lookup,ipv4,hot,1000000,,1,1600720.2716186035,655.47228,648,648,672,688,624,16479,137.07643397609078,1,152,0,2248704,,,,2379776,,,1249437541,,,,1
geoip2-rs,lookup,ipv4,hot,1000000,,1,2492168.412683318,433.4108,432,432,448,464,408,7592,83.2157800141295,6,208,0,2117632,,,,2170880,,,1203770975,,,,1
maxminddb-golang,lookup,ipv4,hot,1000000,,1,928821.2781448584,1175.42668,1168,1168,1224,1248,1032,49085,465.1508536208202,0,0,77824,27529216,,,,27664384,,,2153266777,,,,1
libmaxminddb-rs,lookup,ipv4,random,1000000,,1,28493029.565463968,67.13904,40,40,456,472,24,9239,129.76113573746852,0.062549,3.002352,0,33259520,,,,19689472,,,1017792788,,,,1
libmaxminddb,lookup,ipv4,random,1000000,,1,16686962.823,91.786,48,48,728,760,31,8464,183.998,0.125098,291.228,0,29900800,,,,29974528,,,1018759386,,,,1
maxminddb-rust,lookup,ipv4,random,1000000,,1,14716916.11551685,99.80416,64,64,640,664,47,7543,155.9715893574644,0.062549,9.507448,0,33062912,,,,19378176,,,1019235272,,,,1
geoip2-rs,lookup,ipv4,random,1000000,,1,23091124.295989145,74.88016,48,48,448,480,31,6592,110.56755201402532,0.375294,13.010192,0,32931840,,,,19177472,,,1039360392,,,,1
maxminddb-golang,lookup,ipv4,random,1000000,,1,9846826.188657925,140.98144,72,72,1152,1224,55,9887,280.4319707442912,0,0,-29822976.0,98385920,,,,68714496,,,2031111306,,,,1
libmaxminddb-rs,lookup,ipv4,sequential,1000000,,1,92886533.52610584,42.00756,40,40,48,48,24,14560,92.7865019431512,0.000256,0.012288,0,31490048,,,,19689472,,,1001221560,,,,1
libmaxminddb,lookup,ipv4,sequential,1000000,,1,24519540.751,78.867,80,80,88,96,64,6912,63.408,0.000512,1.192,0,29904896,,,,29978624,,,1019594953,,,,1
maxminddb-rust,lookup,ipv4,sequential,1000000,,1,17922796.068343535,87.61388,88,88,96,104,72,5736,53.0865820273408,0.000256,0.038912,0,31293440,,,,19382272,,,1004307583,,,,1
geoip2-rs,lookup,ipv4,sequential,1000000,,1,23962471.10399307,73.5914,72,72,80,96,63,9832,69.65088173196371,0.001536,0.053248,0,31162368,,,,19177472,,,1001566153,,,,1
maxminddb-golang,lookup,ipv4,sequential,1000000,,1,16375201.396989273,98.51584,96,96,104,112,80,9607,70.4162105561951,0,0,69632,57569280,,,,57700352,,,2015242390,,,,1
libmaxminddb-rs,lookup,ipv6,absent,1000000,,1,4195297.2419530265,286.55964,272,272,512,640,40,12456,242.36749807486592,0,0,0,1650933760,,,,1651003392,,,1191810666,,,,1
libmaxminddb,lookup,ipv6,absent,1000000,,1,2107787.681,512.741,496,496,800,952,112,18151,259.491,0,0,0,787165184,,,,787173376,,,1423293260,,,,1
maxminddb-rust,lookup,ipv6,absent,1000000,,1,2111480.1095431093,538.87772,520,520,832,976,120,17647,313.88312431158533,0,0,0,776548352,,,,776568832,,,1420804291,,,,1
geoip2-rs,lookup,ipv6,absent,1000000,,1,2121740.9825117113,534.80696,520,520,816,960,128,20407,343.82207319420166,0,0,0,776351744,,,,776372224,,,1413933192,,,,1
maxminddb-golang,lookup,ipv6,absent,1000000,,1,2099565.953413137,531.88916,512,512,816,952,136,34150,362.307759224796,0,0,81920,815407104,,,,815464448,,,2381444599,,,,1
libmaxminddb-rs,lookup,ipv6,hot,1000000,,1,2347782.2150731212,461.15404,456,456,472,488,439,10096,107.01573375760417,1,48,0,2576384,,,,2621440,,,1277801655,,,,1
libmaxminddb,lookup,ipv6,hot,1000000,,1,1298766.873,795.211,792,792,808,816,768,9016,91.603,2,4656,0,1847296,,,,1966080,,,1539922246,,,,1
maxminddb-rust,lookup,ipv6,hot,1000000,,1,1422231.5854364573,732.79756,728,728,752,768,704,6728,80.40344232709437,1,152,0,2314240,,,,2375680,,,1406240742,,,,1
geoip2-rs,lookup,ipv6,hot,1000000,,1,2103568.1307425597,505.11336,504,504,520,536,479,9312,94.77086150030716,6,208,0,1998848,,,,2170880,,,1426148246,,,,1
maxminddb-golang,lookup,ipv6,hot,1000000,,1,866696.2895080356,1252.85588,1248,1248,1304,1328,1120,21111,202.75813865151153,0,0,12288,27643904,,,,27664384,,,2307613433,,,,1
libmaxminddb-rs,lookup,ipv6,random,1000000,,1,97225689.7455817,42.54684,40,40,48,48,24,12927,87.14147970980524,0,0,0,58490880,,,,19689472,,,1007964050,,,,1
libmaxminddb,lookup,ipv6,random,1000000,,1,65971272.875,47.603,40,40,88,120,24,11463,74.992,0,0,0,29904896,,,,29978624,,,1000435449,,,,1
maxminddb-rust,lookup,ipv6,random,1000000,,1,31345378.56888746,62.43084,64,64,80,96,40,4736,31.649040694693777,0,0,0,58359808,,,,19378176,,,1020884145,,,,1
geoip2-rs,lookup,ipv6,random,1000000,,1,55140673.843375035,49.19232,48,48,72,88,31,13120,85.33712236194532,0,0,0,58163200,,,,19173376,,,1015584252,,,,1
maxminddb-golang,lookup,ipv6,random,1000000,,1,32375746.482356716,67.76584,64,64,80,96,55,3280,29.01228100467766,0,0,86016,62382080,,,,60579840,,,2007675716,,,,1
libmaxminddb-rs,lookup,ipv6,sequential,1000000,,1,2303697.492451772,465.09636,464,464,480,496,440,8399,98.4172807729944,1,48,0,35749888,,,,19693568,,,1302254315,,,,1
libmaxminddb,lookup,ipv6,sequential,1000000,,1,1281808.814,803.019,800,800,816,824,775,4072,80.534,2,4656,0,29904896,,,,29978624,,,1560295091,,,,1
maxminddb-rust,lookup,ipv6,sequential,1000000,,1,1422798.372345126,731.5858,728,728,752,768,704,9120,104.12546469697038,1,152,0,35618816,,,,19382272,,,1405680551,,,,1
geoip2-rs,lookup,ipv6,sequential,1000000,,1,2063073.6095077456,514.32656,512,512,528,544,488,10728,128.9718347491668,6,208,0,35553280,,,,19177472,,,1454141038,,,,1
maxminddb-golang,lookup,ipv6,sequential,1000000,,1,870885.5514513783,1246.72064,1240,1240,1303,1328,1096,17023,180.95905492124555,0,0,98304,53235712,,,,53239808,,,2296513011,,,,1
libmaxminddb-rs,lookup_concurrent,ipv4,random,1000000,,1,14620602.063403584,66.81368,40,40,456,496,24,29190,212.8399492690635,0.06254476664994295,3.0021487991972613,16384,33193984,,,,19791872,,,1009907522,,,,1
libmaxminddb,lookup_concurrent,ipv4,random,1000000,,1,10826958.866,93.743,48,48,760,784,24,20215,228.009,0.125114834,291.267,0,29851648,,,,29999104,,,1009911937,,,,1
maxminddb-rust,lookup_concurrent,ipv4,random,1000000,,1,10044037.873965766,99.82168,64,64,632,664,47,23743,241.00856142879596,0.0625633516177694,9.509629445900948,20480,33128448,,,,19484672,,,1009930680,,,,1
geoip2-rs,lookup_concurrent,ipv4,random,1000000,,1,13565780.066306438,75.1498,48,48,448,472,24,23071,218.72332477346737,0.37526752520952034,13.009274207263372,16384,32997376,,,,19275776,,,1009936615,,,,1
maxminddb-golang,lookup_concurrent,ipv4,random,1000000,,1,5797501.793232767,138.54484,72,72,1072,1136,48,18680,311.0426045244801,1.1954521584315668e-6,0.00008743878644528032,-15126528.0,98381824,,,,83423232,,,1010008312,,,,1
libmaxminddb-rs,lookup_concurrent,ipv4,random,1000000,,4,58242050.07970548,94.86868,40,40,456,512,24,689669,4363.541991602127,0.06255169863413179,3.0024815344383264,0,33243136,,,,19808256,,,1009972673,,,,1
libmaxminddb,lookup_concurrent,ipv4,random,1000000,,4,42078451.16,96.264,48,48,776,824,31,22247,237.674,0.125103894,291.242,-16384.0,29839360,,,,30044160,,,1009932396,,,,1
maxminddb-rust,lookup_concurrent,ipv4,random,1000000,,4,40108413.26894128,99.50028,64,64,632,664,40,11712,178.8563788069152,0.06255609489156144,9.508526423517338,0,33128448,,,,19525632,,,1009999616,,,,1
geoip2-rs,lookup_concurrent,ipv4,random,1000000,,4,54059923.19630426,74.95648,48,48,448,480,31,12503,147.9729565360147,0.37531438813643647,13.0108987887298,0,32931840,,,,19308544,,,1009904006,,,,1
maxminddb-golang,lookup_concurrent,ipv4,random,1000000,,4,23496689.15515758,136.2612,72,72,1032,1104,55,20071,315.49274707124266,1.011260640042028e-6,0.000107867801604483,98304,86114304,,,,86667264,,,1010046728,,,,1
libmaxminddb-rs,lookup_concurrent,ipv4,random,1000000,,8,58495817.636466734,67.95316,40,40,456,504,24,14832,160.17898940252545,0.06255764577112612,3.002766997014054,0,33259520,,,,19886080,,,1009868216,,,,1
libmaxminddb,lookup_concurrent,ipv4,random,1000000,,8,41137809.711,97.244,48,48,776,856,31,9639,208.252,0.125036363,291.085,-49152.0,29970432,,,,30089216,,,1009923530,,,,1
maxminddb-rust,lookup_concurrent,ipv4,random,1000000,,8,40109790.83846532,117.23548,64,64,632,672,32,438723,2779.1514824545225,0.06252694774858396,9.50409605778476,0,33128448,,,,19611648,,,1009951664,,,,1
geoip2-rs,lookup_concurrent,ipv4,random,1000000,,8,54175671.09457502,91.294,48,48,448,488,31,405987,2571.002465491622,0.3752751571759491,13.009538782099568,0,32997376,,,,19382272,,,1009948486,,,,1
maxminddb-golang,lookup_concurrent,ipv4,random,1000000,,8,22381487.92194417,142.47156,72,72,1096,1176,55,18295,346.91053369877056,1.9378452155402043e-6,0.0002102983329560152,106496,79130624,,,,79429632,,,1060595528,,,,1
libmaxminddb-rs,lookup_concurrent,ipv4,random,1000000,,16,58569328.89670908,68.13944,40,40,456,512,24,9872,134.36072698704328,0.06254052609244211,3.001945252437221,4096,33251328,,,,20025344,,,1009838052,,,,1
libmaxminddb,lookup_concurrent,ipv4,random,1000000,,16,41615022.14,105.458,48,48,776,840,24,229283,1463.214,0.125240279,291.559,-114688.0,30232576,,,,30195712,,,1009943257,,,,1
maxminddb-rust,lookup_concurrent,ipv4,random,1000000,,16,40113396.77135676,101.3564,64,64,632,680,47,21662,225.59119561507887,0.06254786317461157,9.50727520254096,0,33120256,,,,19779584,,,1009919759,,,,1
geoip2-rs,lookup_concurrent,ipv4,random,1000000,,16,54131908.60454988,84.8166,48,48,456,488,24,213324,1357.5265170170487,0.3753350812149227,13.01161614878399,4096,32997376,,,,19525632,,,1009911980,,,,1
maxminddb-golang,lookup_concurrent,ipv4,random,1000000,,16,22838870.68392119,141.0776648527529,72,72,1040,1120,48,18455,359.3395587240688,3.685408702708593e-6,0.0004009724668546949,114688,92913664,,,,83030016,,,1128660491,,,,1
libmaxminddb-rs,lookup_concurrent,ipv6,random,1000000,,1,24153178.632614907,39.5508,40,40,40,48,24,27351,172.79215740119687,0,0,12288,58490880,,,,19783680,,,1009920283,,,,1
libmaxminddb,lookup_concurrent,ipv6,random,1000000,,1,23529109.464,41.405,40,40,56,72,16,13207,83.797,0,0,0,29843456,,,,29978624,,,1009902650,,,,1
maxminddb-rust,lookup_concurrent,ipv6,random,1000000,,1,15967858.543765577,61.61856,56,56,80,96,47,168,10.154302710004716,0,0,16384,58294272,,,,19472384,,,1009939057,,,,1
geoip2-rs,lookup_concurrent,ipv6,random,1000000,,1,20684648.486499816,49.26044,48,48,72,80,31,26655,198.4836480191916,0,0,16384,58163200,,,,19275776,,,1009933672,,,,1
maxminddb-golang,lookup_concurrent,ipv6,random,1000000,,1,9730828.205700032,69.60096,64,64,88,96,55,5160,39.06767624364661,5.087390688508124e-7,0.00004476903805887149,98304,72937472,,,,57360384,,,1010008685,,,,1
libmaxminddb-rs,lookup_concurrent,ipv6,random,1000000,,4,96368897.6303635,38.85772,40,40,40,48,24,7055,62.58697657182033,0,0,0,58408960,,,,19787776,,,1009920632,,,,1
libmaxminddb,lookup_concurrent,ipv6,random,1000000,,4,93891850.503,41.101,40,40,56,72,24,248,9.957,0,0,-16384.0,29720576,,,,29995008,,,1009929227,,,,1
maxminddb-rust,lookup_concurrent,ipv6,random,1000000,,4,63666069.7145047,62.307,56,56,80,96,40,6792,59.042372843577034,0,0,0,58359808,,,,19509248,,,1009905045,,,,1
geoip2-rs,lookup_concurrent,ipv6,random,1000000,,4,82829706.24343854,47.92124,48,48,72,80,24,10415,66.60805174198074,0,0,0,58163200,,,,19308544,,,1009901493,,,,1
maxminddb-golang,lookup_concurrent,ipv6,random,1000000,,4,38719091.34310713,108.00156,64,64,88,96,48,933349,5903.357109763695,4.091219256468972e-7,0.0000580953134418594,86016,75419648,,,,75853824,,,1010048135,,,,1
libmaxminddb-rs,lookup_concurrent,ipv6,random,1000000,,8,96374269.51193702,38.7982,40,40,40,48,24,13471,85.11646442821753,0,0,0,58413056,,,,19841024,,,1009923245,,,,1
libmaxminddb,lookup_concurrent,ipv6,random,1000000,,8,93935750.635,50.696,40,40,56,72,31,240156,1518.627,0,0,-49152.0,29589504,,,,29995008,,,1009994697,,,,1
maxminddb-rust,lookup_concurrent,ipv6,random,1000000,,8,63771050.26032189,62.40256,56,56,80,96,47,11143,71.35941161084762,0,0,12288,58359808,,,,19587072,,,1009777536,,,,1
geoip2-rs,lookup_concurrent,ipv6,random,1000000,,8,82745983.84991024,50.18044,48,48,72,80,24,42246,277.6775805883623,0,0,0,58228736,,,,19378176,,,1009832902,,,,1
maxminddb-golang,lookup_concurrent,ipv6,random,1000000,,8,38090088.50522335,69.65792,64,64,88,96,48,3592,33.192636853278174,7.564250745835124e-7,0.00011134577097869302,102400,75780096,,,,76374016,,,1041222049,,,,1
libmaxminddb-rs,lookup_concurrent,ipv6,random,1000000,,16,96392217.52578963,38.24812,40,40,40,48,23,192,5.335878228146604,0,0,4096,58490880,,,,19963904,,,1009862492,,,,1
libmaxminddb,lookup_concurrent,ipv6,random,1000000,,16,93801114.097,42.006,40,40,64,72,24,12056,76.764,0,0,-114688.0,29851648,,,,29999104,,,1010003910,,,,1
maxminddb-rust,lookup_concurrent,ipv6,random,1000000,,16,63724542.42368071,62.47384,56,56,80,96,40,8215,54.511484621631695,0,0,4096,58286080,,,,19718144,,,1009844709,,,,1
geoip2-rs,lookup_concurrent,ipv6,random,1000000,,16,82843057.92588398,48.97568,48,48,72,80,24,11143,111.53627019287308,0,0,4096,58163200,,,,19525632,,,1009867092,,,,1
maxminddb-golang,lookup_concurrent,ipv6,random,1000000,,16,37712851.6349064,70.01136363636364,64,64,88,104,55,5224,35.614969988153,1.3725518761399556e-6,0.00019880330332300829,102400,67870720,,,,66465792,,,1101175944,,,,1
libmaxminddb-rs,lookup_concurrent_borrowed,ipv4,random,1000000,,1,14801008.081408655,68.117,40,40,456,488,31,25126,236.79813502432825,0.06255388265167103,3.0025863672802093,16384,33259520,,,,19787776,,,1009930737,,,,1
libmaxminddb-rs,lookup_concurrent_borrowed,ipv4,random,1000000,,4,59000411.55501234,67.2206,40,40,456,496,24,13167,140.2382661602739,0.0625524683290325,3.00251847979356,0,33259520,,,,19824640,,,1009964616,,,,1
libmaxminddb-rs,lookup_concurrent_borrowed,ipv4,random,1000000,,8,59091178.87866505,69.0318,40,40,456,504,24,14799,171.63554663518894,0.06254982406117297,3.002391554936303,0,33193984,,,,19890176,,,1009985858,,,,1
libmaxminddb-rs,lookup_concurrent_borrowed,ipv4,random,1000000,,16,59047554.829638936,68.35024,40,40,456,504,24,10415,132.8227729417746,0.06250507444010725,3.000243573125148,16384,33259520,,,,20045824,,,1009567427,,,,1
libmaxminddb-rs,lookup_concurrent_borrowed,ipv6,random,1000000,,1,24188315.282184582,41.44288,40,40,40,48,24,29102,220.39803070196797,0,0,12288,58413056,,,,19767296,,,1009925938,,,,1
libmaxminddb-rs,lookup_concurrent_borrowed,ipv6,random,1000000,,4,96407273.19753508,39.3134,40,40,40,48,31,160,4.1028941541302615,0,0,0,58425344,,,,19804160,,,1010004907,,,,1
libmaxminddb-rs,lookup_concurrent_borrowed,ipv6,random,1000000,,8,96481644.91582474,40.06536,40,40,40,48,24,11544,72.96850257522344,0,0,0,58413056,,,,19841024,,,1009907191,,,,1
libmaxminddb-rs,lookup_concurrent_borrowed,ipv6,random,1000000,,16,96354196.87952831,40.56104,40,40,40,48,24,10472,86.7452419105417,0,0,4096,58425344,,,,19963904,,,1009934815,,,,1
libmaxminddb-rs,lookup_concurrent_borrowed_opt,ipv4,random,1000000,,1,14323399.540791731,67.4012,40,40,456,488,32,6672,113.42404224219769,0.06254622592838463,3.0022188445624622,16384,33259520,,,,19787776,,,1009930426,,,,1
libmaxminddb-rs,lookup_concurrent_borrowed_opt,ipv4,random,1000000,,4,57151033.95739804,67.58564,40,40,456,504,24,2208,108.26926186960932,0.06255393301109609,3.0025887845326125,12288,33193984,,,,19832832,,,1009890303,,,,1
libmaxminddb-rs,lookup_concurrent_borrowed_opt,ipv4,random,1000000,,8,57293997.628858075,69.81748,40,40,456,512,24,13991,176.21827080768182,0.06241828913784065,2.9960778786163513,0,33259520,,,,19886080,,,1009937016,,,,1
libmaxminddb-rs,lookup_concurrent_borrowed_opt,ipv4,random,1000000,,16,56980410.03526953,69.40716,40,40,464,512,31,9495,134.677341007068,0.06247836128122173,2.998961341498643,4096,33255424,,,,20029440,,,1009898296,,,,1
libmaxminddb-rs,lookup_concurrent_borrowed_opt,ipv6,random,1000000,,1,24634153.87980565,40.74604,40,40,40,48,24,33670,248.77208883698833,0,0,12288,58425344,,,,19779584,,,1009926386,,,,1
libmaxminddb-rs,lookup_concurrent_borrowed_opt,ipv6,random,1000000,,4,98410658.6513064,38.97748,40,40,40,48,24,15895,100.41744715361776,0,0,0,58490880,,,,19804160,,,1009914265,,,,1
libmaxminddb-rs,lookup_concurrent_borrowed_opt,ipv6,random,1000000,,8,98511228.5376252,38.68344,40,40,40,48,24,12120,76.6420742788607,0,0,0,58425344,,,,19857408,,,1009965356,,,,1
libmaxminddb-rs,lookup_concurrent_borrowed_opt,ipv6,random,1000000,,16,98053568.94035712,39.36772,40,40,40,48,31,12335,108.469801244409,0,0,4096,58425344,,,,19963904,,,1009968419,,,,1
libmaxminddb-rs,lookup_concurrent_exists,ipv4,random,1000000,,1,23590469.564566527,41.49124,40,40,48,80,24,264,7.007436283149588,0,0,12288,33255424,,,,19775488,,,1009918473,,,,1
libmaxminddb-rs,lookup_concurrent_exists,ipv4,random,1000000,,4,93996499.22153416,42.64252,40,40,48,88,24,10328,85.10706579391403,0,0,0,33247232,,,,19791872,,,1010019924,,,,1
libmaxminddb-rs,lookup_concurrent_exists,ipv4,random,1000000,,8,93466318.96970654,44.17644,40,40,48,96,24,21063,170.6439355761769,0,0,0,33193984,,,,19857408,,,1009954185,,,,1
libmaxminddb-rs,lookup_concurrent_exists,ipv4,random,1000000,,16,93600702.0305603,43.00556,40,40,48,96,24,8991,85.96805411946,0,0,4096,33243136,,,,19947520,,,1009880823,,,,1
libmaxminddb-rs,lookup_concurrent_exists,ipv6,random,1000000,,1,23878833.971473884,40.84932,40,40,48,48,24,20446,133.4420382620769,0,0,12288,58425344,,,,19779584,,,1009936081,,,,1
libmaxminddb-rs,lookup_concurrent_exists,ipv6,random,1000000,,4,95307334.86850733,40.30496,40,40,48,48,24,15559,98.22649642229126,0,0,0,58490880,,,,19804160,,,1009919836,,,,1
libmaxminddb-rs,lookup_concurrent_exists,ipv6,random,1000000,,8,94272608.81691532,39.94652,40,40,48,48,24,232,6.006108547936772,0,0,0,58490880,,,,19857408,,,1009963108,,,,1
libmaxminddb-rs,lookup_concurrent_exists,ipv6,random,1000000,,16,95352430.9584936,40.84584,40,40,48,56,31,8824,65.50894896649159,0,0,4096,58425344,,,,19963904,,,1010033473,,,,1
libmaxminddb-rs,lookup_concurrent_many,ipv4,random,1000000,,1,10148062.789566314,99.31724,56,56,736,784,40,5336,174.74465931404313,1.8131254169364937,137.0685072090436,20480,33259520,,,,19800064,,,1009932951,,,,1
libmaxminddb-rs,lookup_concurrent_many,ipv4,random,1000000,,4,40424322.601899065,134.96108,56,56,720,776,40,888264,5620.102759021869,1.81322547981554,137.07946794287147,0,33259520,,,,19841024,,,1009979101,,,,1
libmaxminddb-rs,lookup_concurrent_many,ipv4,random,1000000,,8,40428882.79107686,100.49804,56,56,728,784,40,12152,204.24201447341295,1.8137858498298016,137.14085001212598,0,33259520,,,,19922944,,,1010016557,,,,1
libmaxminddb-rs,lookup_concurrent_many,ipv4,random,1000000,,16,40477057.27842325,101.9496,56,56,728,792,40,14639,214.37376747130097,1.812694586324859,137.02131468666147,12288,33259520,,,,20094976,,,1009811823,,,,1
libmaxminddb-rs,lookup_concurrent_many,ipv6,random,1000000,,1,18024238.829979006,53.9638,56,56,56,64,40,14512,91.5774723911946,1,48,12288,58490880,,,,19779584,,,1009925810,,,,1
libmaxminddb-rs,lookup_concurrent_many,ipv6,random,1000000,,4,71729922.3416239,53.69156,56,56,56,64,40,1304,11.64103194593944,1,48,0,58421248,,,,19804160,,,1009989829,,,,1
libmaxminddb-rs,lookup_concurrent_many,ipv6,random,1000000,,8,71874002.91616113,54.22072,56,56,64,72,47,9192,59.10906802413317,1,48,0,58490880,,,,19857408,,,1009926358,,,,1
libmaxminddb-rs,lookup_concurrent_many,ipv6,random,1000000,,16,71895166.48769023,54.8954,56,56,64,72,40,14680,102.08451860512446,1,48,4096,58490880,,,,19963904,,,1009932775,,,,1
libmaxminddb-rs,lookup_concurrent_serde,ipv4,random,1000000,,1,3137533.080457797,320.4946,48,48,4280,4376,32,27927,1074.59826419498,5.631775994112284,1167.404588290653,32768,33255424,,,,19820544,,,1009911583,,,,1
libmaxminddb-rs,lookup_concurrent_serde,ipv4,random,1000000,,4,12353617.994922437,326.97752,48,48,4328,4544,32,16903,1091.4222007154872,5.630991076025949,1167.241883492668,0,33251328,,,,19881984,,,1009911105,,,,1
libmaxminddb-rs,lookup_concurrent_serde,ipv4,random,1000000,,8,12515296.97392494,409.83248,48,48,4296,4424,39,2182245,13841.007851517788,5.635358486616369,1168.1471991812775,0,33255424,,,,20013056,,,1009978351,,,,1
libmaxminddb-rs,lookup_concurrent_serde,ipv4,random,1000000,,16,12533000.561204018,326.75988,48,48,4311,4464,32,16799,1096.076513890511,5.63300492221634,1167.6593314318673,0,33255424,,,,20275200,,,1009885856,,,,1
libmaxminddb-rs,lookup_concurrent_serde,ipv6,random,1000000,,1,20115145.348180182,48.80664,48,48,48,56,32,29118,201.4594670198212,0,0,12288,58490880,,,,19779584,,,1009929466,,,,1
libmaxminddb-rs,lookup_concurrent_serde,ipv6,random,1000000,,4,80381554.02394775,48.12244,48,48,48,56,32,13215,94.15986665478232,0,0,0,58425344,,,,19804160,,,1009981643,,,,1
libmaxminddb-rs,lookup_concurrent_serde,ipv6,random,1000000,,8,80243842.0030966,47.39248,48,48,48,56,39,216,5.557816068348122,0,0,0,58425344,,,,19857408,,,1009950857,,,,1
libmaxminddb-rs,lookup_concurrent_serde,ipv6,random,1000000,,16,80480346.04296334,48.68136,48,48,48,64,32,25558,161.4873936521065,0,0,0,58490880,,,,19959808,,,1009982797,,,,1
libmaxminddb-rs,lookup_concurrent_value,ipv4,random,1000000,,1,11465556.461964862,87.20384,48,48,664,704,32,24567,282.9104639444317,0.8131048458831531,89.06625388750847,20480,33243136,,,,19779584,,,1009928828,,,,1
libmaxminddb-rs,lookup_concurrent_value,ipv4,random,1000000,,4,45684655.710789174,86.26016,40,40,664,712,32,13336,196.14020086860145,0.8131184574145515,89.06774487371702,0,33259520,,,,19836928,,,1009973749,,,,1
libmaxminddb-rs,lookup_concurrent_value,ipv4,random,1000000,,8,45773100.59468834,86.60768,48,48,664,720,32,10095,188.60129544893564,0.813298758692875,89.08749479835801,0,33259520,,,,19918848,,,1009889813,,,,1
libmaxminddb-rs,lookup_concurrent_value,ipv4,random,1000000,,16,45749428.86550263,91.07308,48,48,672,736,32,67180,473.6775204074109,0.8132210660122783,89.07898446165264,57344,33259520,,,,20140032,,,1009850574,,,,1
libmaxminddb-rs,lookup_concurrent_value,ipv6,random,1000000,,1,20885239.74368453,46.73308,48,48,48,56,32,19271,121.6637072989048,0,0,12288,58425344,,,,19779584,,,1009931859,,,,1
libmaxminddb-rs,lookup_concurrent_value,ipv6,random,1000000,,4,83454674.37550858,46.19856,48,48,48,56,32,7960,50.27164383553011,0,0,0,58490880,,,,19808256,,,1009906990,,,,1
libmaxminddb-rs,lookup_concurrent_value,ipv6,random,1000000,,8,83441092.70330308,71.53476,48,48,48,56,32,329456,2821.607230000615,0,0,0,58408960,,,,19836928,,,1010021217,,,,1
libmaxminddb-rs,lookup_concurrent_value,ipv6,random,1000000,,16,83469853.92820567,47.31204,48,48,48,56,39,9680,95.17526879940196,0,0,4096,58425344,,,,19968000,,,1009917833,,,,1
libmaxminddb-rs,lookup_concurrent_value_prefix,ipv4,random,1000000,,1,12262073.376162022,81.76592,40,40,672,704,31,19943,201.95272339474147,0.8130534871649603,89.06062813253104,20480,33259520,,,,19800064,,,1009923495,,,,1
libmaxminddb-rs,lookup_concurrent_value_prefix,ipv4,random,1000000,,4,48804596.367341645,82.49132,40,40,672,720,24,11464,183.13581649873424,0.8131723504549591,89.0736482344509,12288,33255424,,,,19845120,,,1009899265,,,,1
libmaxminddb-rs,lookup_concurrent_value_prefix,ipv4,random,1000000,,8,48942213.43704913,82.75212,40,40,672,720,31,9495,184.3834494619997,0.8132501267115928,89.08216772594679,0,33259520,,,,19918848,,,1009869181,,,,1
libmaxminddb-rs,lookup_concurrent_value_prefix,ipv4,random,1000000,,16,48971414.9555185,93.8252,40,40,680,728,31,252452,1606.615633262966,0.8139479778852264,89.15860926988942,0,33251328,,,,20078592,,,1009839639,,,,1
libmaxminddb-rs,lookup_concurrent_value_prefix,ipv6,random,1000000,,1,23168934.724952444,43.08928,40,40,48,48,24,39478,284.92777153005215,0,0,12288,58490880,,,,19783680,,,1009924810,,,,1
libmaxminddb-rs,lookup_concurrent_value_prefix,ipv6,random,1000000,,4,92173184.13293464,40.9362,40,40,48,48,31,10047,63.39799215716536,0,0,0,58490880,,,,19804160,,,1009981394,,,,1
libmaxminddb-rs,lookup_concurrent_value_prefix,ipv6,random,1000000,,8,92426866.85998271,52.57408,40,40,48,48,32,290194,1835.641387186548,0,0,0,58425344,,,,19853312,,,1009926758,,,,1
libmaxminddb-rs,lookup_concurrent_value_prefix,ipv6,random,1000000,,16,92389868.0290543,41.26644,40,40,48,56,31,4128,36.862035886890425,0,0,4096,58417152,,,,19951616,,,1009793855,,,,1
libmaxminddb-rs,memory_rss,ipv4,mixed_50_50,1000000,1000,1,,,,,,,,,,,,,,5980160,6987776,7000064,6987776,1000000,mmap,,,,,3
libmaxminddb,memory_rss,ipv4,mixed_50_50,1000000,1000,1,,,,,,,,,,,,,,5521408,5726208,5730304,5726208,1000000,mmap,,,,,3
maxminddb-rust,memory_rss,ipv4,mixed_50_50,1000000,1000,1,,,,,,,,,,,,,,5918720,6119424,6197248,6197248,1000000,mmap,,,,,3
geoip2-rs,memory_rss,ipv4,mixed_50_50,1000000,1000,1,,,,,,,,,,,,,,5787648,5918720,5996544,5992448,1000000,mmap,,,,,3
libmaxminddb-rs,memory_rss,ipv4,mixed_50_50,1000000,10000,1,,,,,,,,,,,,,,5988352,9322496,9322496,9322496,1000000,mmap,,,,,3
libmaxminddb,memory_rss,ipv4,mixed_50_50,1000000,10000,1,,,,,,,,,,,,,,5521408,5783552,6705152,6705152,1000000,mmap,,,,,3
maxminddb-rust,memory_rss,ipv4,mixed_50_50,1000000,10000,1,,,,,,,,,,,,,,5918720,6115328,7176192,7176192,1000000,mmap,,,,,3
geoip2-rs,memory_rss,ipv4,mixed_50_50,1000000,10000,1,,,,,,,,,,,,,,5787648,5918720,6975488,6971392,1000000,mmap,,,,,3
libmaxminddb-rs,memory_rss,ipv4,mixed_50_50,1000000,100000,1,,,,,,,,,,,,,,5988352,36106240,36106240,36106240,1000000,mmap,,,,,3
libmaxminddb,memory_rss,ipv4,mixed_50_50,1000000,100000,1,,,,,,,,,,,,,,5517312,5734400,14782464,14778368,1000000,mmap,,,,,3
maxminddb-rust,memory_rss,ipv4,mixed_50_50,1000000,100000,1,,,,,,,,,,,,,,5918720,6070272,15253504,15249408,1000000,mmap,,,,,3
geoip2-rs,memory_rss,ipv4,mixed_50_50,1000000,100000,1,,,,,,,,,,,,,,5787648,5873664,15048704,15048704,1000000,mmap,,,,,3
libmaxminddb-rs,memory_rss,ipv4,mixed_50_50,1000000,500000,1,,,,,,,,,,,,,,5988352,106209280,106213376,106209280,1000000,mmap,,,,,3
libmaxminddb,memory_rss,ipv4,mixed_50_50,1000000,500000,1,,,,,,,,,,,,,,5521408,5779456,44642304,44642304,1000000,mmap,,,,,3
maxminddb-rust,memory_rss,ipv4,mixed_50_50,1000000,500000,1,,,,,,,,,,,,,,5918720,6111232,45113344,45109248,1000000,mmap,,,,,3
geoip2-rs,memory_rss,ipv4,mixed_50_50,1000000,500000,1,,,,,,,,,,,,,,5783552,5910528,44908544,44904448,1000000,mmap,,,,,3
libmaxminddb-rs,memory_rss,ipv4,mixed_50_50,1000000,1000000,1,,,,,,,,,,,,,,5988352,183529472,183533568,183529472,1000000,mmap,,,,,3
libmaxminddb,memory_rss,ipv4,mixed_50_50,1000000,1000000,1,,,,,,,,,,,,,,5521408,5734400,77758464,77758464,1000000,mmap,,,,,3
maxminddb-rust,memory_rss,ipv4,mixed_50_50,1000000,1000000,1,,,,,,,,,,,,,,5918720,6070272,78229504,78229504,1000000,mmap,,,,,3
geoip2-rs,memory_rss,ipv4,mixed_50_50,1000000,1000000,1,,,,,,,,,,,,,,5787648,5869568,78024704,78024704,1000000,mmap,,,,,3
libmaxminddb-rs,memory_rss,ipv4,mixed_50_50,1000000,1500000,1,,,,,,,,,,,,,,5976064,273383424,273399808,273383424,1000000,mmap,,,,,3
libmaxminddb,memory_rss,ipv4,mixed_50_50,1000000,1500000,1,,,,,,,,,,,,,,5521408,5771264,125898752,125898752,1000000,mmap,,,,,3
maxminddb-rust,memory_rss,ipv4,mixed_50_50,1000000,1500000,1,,,,,,,,,,,,,,5918720,6103040,126369792,126365696,1000000,mmap,,,,,3
geoip2-rs,memory_rss,ipv4,mixed_50_50,1000000,1500000,1,,,,,,,,,,,,,,5787648,5906432,126169088,126164992,1000000,mmap,,,,,3
libmaxminddb-rs,memory_rss,ipv4,mixed_50_50,1000000,2000000,1,,,,,,,,,,,,,,5984256,347090944,347095040,347090944,1000000,mmap,,,,,3
libmaxminddb,memory_rss,ipv4,mixed_50_50,1000000,2000000,1,,,,,,,,,,,,,,5521408,5746688,160477184,160477184,1000000,mmap,,,,,3
maxminddb-rust,memory_rss,ipv4,mixed_50_50,1000000,2000000,1,,,,,,,,,,,,,,5918720,6078464,160948224,160948224,1000000,mmap,,,,,3
geoip2-rs,memory_rss,ipv4,mixed_50_50,1000000,2000000,1,,,,,,,,,,,,,,5787648,5881856,160747520,160743424,1000000,mmap,,,,,3
libmaxminddb-rs,memory_rss,ipv4,mixed_50_50,1000000,5000000,1,,,,,,,,,,,,,,5988352,753831936,753831936,753831936,1000000,mmap,,,,,3
libmaxminddb,memory_rss,ipv4,mixed_50_50,1000000,5000000,1,,,,,,,,,,,,,,5525504,5767168,350289920,350289920,1000000,mmap,,,,,3
maxminddb-rust,memory_rss,ipv4,mixed_50_50,1000000,5000000,1,,,,,,,,,,,,,,5918720,6094848,350752768,350752768,1000000,mmap,,,,,3
geoip2-rs,memory_rss,ipv4,mixed_50_50,1000000,5000000,1,,,,,,,,,,,,,,5787648,5898240,350556160,350552064,1000000,mmap,,,,,3
libmaxminddb,open_buffer,,,1,,1,,,,,,,,,,,,,,,,,,,,,,,,1
libmaxminddb-rs,open_buffer,,,200,,1,11813.233888155884,84556.215,84267,84267,89971,110939,78532,114666,4408.917749150579,87,542306,0,2392064,,,,2375680,,,1000064852,,,,1
maxminddb-rust,open_buffer,,,200,,1,1707886.3168454734,578.245,576,576,592,600,568,600,6.263782802747881,6,614,0,2064384,,,,2170880,,,1000000400,,,,1
geoip2-rs,open_buffer,,,200,,1,1924714.355220691,521.105,520,520,544,552,496,576,11.821758540927844,2,48,0,1933312,,,,1970176,,,1000000335,,,,1
maxminddb-golang,open_buffer,,,200,,1,165335.39784848102,5893.315,4175,4175,10936,38054,3248,58038,7227.140428674054,14,66208.00203222528,-90112.0,8495104,,,,7643136,,,2000007284,,,,1
libmaxminddb-rs,open_file,,,200,,1,11017.773683910758,90683.28,90227,90227,97403,102754,83940,121306,4338.082998468333,88,592985,0,2326528,,,,2375680,,,1000020541,,,,1
libmaxminddb,open_file,,,200,,1,42811.095,23974.75,23567,23567,24423,26415,23135,66789,3132.134,12,9485,4096,1474560,,,,1658880,,,1000021150,,,,1
maxminddb-rust,open_file,,,200,,1,208987.76614268968,4917.83,4743,4743,5024,6072,4688,30318,1813.0321870005505,7,51293,0,2064384,,,,2215936,,,1000001119,,,,1
geoip2-rs,open_file,,,200,,1,214613.75984720272,4822.465,4640,4640,4912,6160,4583,31862,1931.5769487066775,3,50727,0,1867776,,,,2023424,,,1000001119,,,,1
maxminddb-golang,open_file,,,200,,1,166121.41311850093,6025.92,3960,3960,15015,38726,3160,53981,7685.755558408035,14,66208.00161327703,61440,8450048,,,,7598080,,,2000001046,,,,1
libmaxminddb-rs,open_mmap,,,200,,1,12484.92476584336,80479.8,77876,77876,90748,106634,75764,125890,5977.041667915659,87,542306,0,2260992,,,,2326528,,,1000006026,,,,1
libmaxminddb,open_mmap,,,200,,1,43252.582,23386.41,22951,22951,24343,26734,22439,60261,2716.106,12,9485,4096,1474560,,,,1662976,,,1000009666,,,,1
maxminddb-rust,open_mmap,,,200,,1,152971.83433150343,6263.12,6127,6127,6760,7512,5879,15232,702.857443298426,6,614,0,1933312,,,,2121728,,,1000001083,,,,1
geoip2-rs,open_mmap,,,200,,1,157442.74273855836,6083.97,5952,5952,6664,8223,5744,11935,537.5615212233852,2,48,0,1802240,,,,1921024,,,1000001634,,,,1
maxminddb-golang,open_mmap,,,200,,1,53954.10473954006,15190.335,11232,11232,48454,90988,9976,132098,15341.775209628611,26,66760.10779353164,28672,30531584,,,,8122368,,,2000033186,,,,1
libmaxminddb-rs,writer_generation,ipv4,,1000,1000,,192555.8595096763,207.966,96,96,1048,1240,64,3440,344.19903808962306,,,352256,2981888,,,,2285568,,,851700906,45536251,803962802,81499,1
mmdbwriter,writer_generation,ipv4,,1000,1000,,163184.980015034,3993.311,3488,3488,6143,8008,368,34974,1695.356408437657,,,2252800,6381568,,,,6508544,,,753745841,525582228,227924672,94953,1
libmaxminddb-rs,writer_generation,ipv4,,10000,10000,,1216130.6593285953,208.6757,128,128,816,1056,56,35535,480.0281767089851,,,921600,6586368,,,,2854912,,,896285273,288317059,605792018,616034,1
mmdbwriter,writer_generation,ipv4,,10000,10000,,168889.27574854047,4860.597,4016,4016,7263,18727,360,291466,6006.729610532875,,,12046336,16211968,,,,16244736,,,947366251,814259206,133052310,709281,1
libmaxminddb-rs,writer_generation,ipv4,,100000,100000,,1271509.7315593937,298.6834,224,224,1016,1351,64,15151,364.6095348848641,,,4775936,34111488,,,,6696960,,,1022406646,401172881,621150960,4348706,1
mmdbwriter,writer_generation,ipv4,,100000,100000,,146418.81697560905,6015.52244,4184,4184,14743,50469,304,270180,8980.245056960746,,,71651328,77422592,,,,75849728,,,1365944652,1225013045,140902489,4323752,1
libmaxminddb-rs,writer_generation,ipv4,,500000,500000,,1079833.9339806407,411.96164,344,344,904,1496,64,34015,434.8326774137435,,,16633856,122322944,,,,18567168,,,1389102484,614378885,774703927,16200356,1
mmdbwriter,writer_generation,ipv4,,500000,500000,,120774.32631275218,7791.59848,4128,4128,38118,89788,328,327424,16790.646862776422,,,154996736,158801920,,,,159186944,,,4139952714,3967327604,172610583,7789228,1
libmaxminddb-rs,writer_generation,ipv4,,1000000,1000000,,1002122.547164205,535.40164,472,472,1008,1768,64,17607,488.188315794813,,,28635136,212762624,,,,30568448,,,1995763897,1008130209,987621096,28207112,1
mmdbwriter,writer_generation,ipv4,,1000000,1000000,,130896.0817310862,7565.16764,2232,2232,39023,106003,256,337537,19889.688585337324,,,145301504,160653312,,,,149508096,,,7639648084,7491079253,148553951,5460321,1
libmaxminddb-rs,writer_generation,ipv4,,1500000,1500000,,1014244.3409794108,531.82028,472,472,992,1760,64,14711,408.7961933211067,,,39272448,293306368,,,,41205760,,,1478933566,783444134,695483024,38846408,1
mmdbwriter,writer_generation,ipv4,,1500000,1500000,,152579.4108764789,6565.35364,1536,1536,32422,105668,272,356279,19599.12400715738,,,125538304,166551552,,,,129802240,,,9830946334,9752796443,78135771,3009250,1
libmaxminddb-rs,writer_generation,ipv4,,2000000,2000000,,999841.3871620232,567.06204,512,512,1024,1704,64,80812,661.9902054202321,,,49098752,368148480,,,,51032064,,,2000317276,1112091441,888219907,48671168,1
mmdbwriter,writer_generation,ipv4,,2000000,2000000,,177982.7839013382,5579.39228,1344,1344,21071,99371,280,364616,18465.62944989951,,,106278912,162095104,,,,110587904,,,11237041899,11196340911,40689508,1502409,1
libmaxminddb-rs,writer_generation,ipv4,,5000000,5000000,,908663.8171062652,704.73888,648,648,1240,1975,72,67545,649.7645900302992,,,99012608,751665152,,,,100945920,,,5502585121,3423473197,2079105374,98585420,1
mmdbwriter,writer_generation,ipv4,,5000000,5000000,,313481.0400708631,3245.05164,1224,1224,5600,63201,304,387921,12559.340458653216,,,13336576,159866880,,,,17645568,,,15949927941,15948458095,1458616,13494,1
